Iso3,StartDate,EndDate,Area Code,Area Code (M49),Area,Item Code,Item,Element Code,Element,Year Code,Year,Release Code,Release,Unit,Value,Flag
KEN,2017-01-01,2017-12-31,114,'404,Kenya,70040,Cost of a healthy diet (CoHD),6226,Value,2017,2017,7S2026,July 2026 (SOFI report),Int$ (PPP) per person per day,2.56,E
KEN,2018-01-01,2018-12-31,114,'404,Kenya,70040,Cost of a healthy diet (CoHD),6226,Value,2018,2018,7S2026,July 2026 (SOFI report),Int$ (PPP) per person per day,2.62,E
KEN,2019-01-01,2019-12-31,114,'404,Kenya,70040,Cost of a healthy diet (CoHD),6226,Value,2019,2019,7S2026,July 2026 (SOFI report),Int$ (PPP) per person per day,2.83,E
KEN,2020-01-01,2020-12-31,114,'404,Kenya,70040,Cost of a healthy diet (CoHD),6226,Value,2020,2020,7S2026,July 2026 (SOFI report),Int$ (PPP) per person per day,3.09,E
KEN,2021-01-01,2021-12-31,114,'404,Kenya,70040,Cost of a healthy diet (CoHD),6226,Value,2021,2021,7S2026,July 2026 (SOFI report),Int$ (PPP) per person per day,3.42,E
KEN,2022-01-01,2022-12-31,114,'404,Kenya,70040,Cost of a healthy diet (CoHD),6226,Value,2022,2022,7S2026,July 2026 (SOFI report),Int$ (PPP) per person per day,3.86,E
KEN,2023-01-01,2023-12-31,114,'404,Kenya,70040,Cost of a healthy diet (CoHD),6226,Value,2023,2023,7S2026,July 2026 (SOFI report),Int$ (PPP) per person per day,4.10,E
KEN,2024-01-01,2024-12-31,114,'404,Kenya,70040,Cost of a healthy diet (CoHD),6226,Value,2024,2024,7S2026,July 2026 (SOFI report),Int$ (PPP) per person per day,4.26,E
KEN,2025-01-01,2025-12-31,114,'404,Kenya,70040,Cost of a healthy diet (CoHD),6226,Value,2025,2025,7S2026,July 2026 (SOFI report),Int$ (PPP) per person per day,4.50,E
KEN,2017-01-01,2017-12-31,114,'404,Kenya,70041,Cost of a healthy diet (CoHD),6205,Value,2017,2017,7S2026,July 2026 (SOFI report),LCU/cap/d,111.80,E
KEN,2018-01-01,2018-12-31,114,'404,Kenya,70041,Cost of a healthy diet (CoHD),6205,Value,2018,2018,7S2026,July 2026 (SOFI report),LCU/cap/d,113.36,E
KEN,2019-01-01,2019-12-31,114,'404,Kenya,70041,Cost of a healthy diet (CoHD),6205,Value,2019,2019,7S2026,July 2026 (SOFI report),LCU/cap/d,122.56,E
KEN,2020-01-01,2020-12-31,114,'404,Kenya,70041,Cost of a healthy diet (CoHD),6205,Value,2020,2020,7S2026,July 2026 (SOFI report),LCU/cap/d,133.75,E
KEN,2021-01-01,2021-12-31,114,'404,Kenya,70041,Cost of a healthy diet (CoHD),6205,Value,2021,2021,7S2026,July 2026 (SOFI report),LCU/cap/d,145.11,E
KEN,2022-01-01,2022-12-31,114,'404,Kenya,70041,Cost of a healthy diet (CoHD),6205,Value,2022,2022,7S2026,July 2026 (SOFI report),LCU/cap/d,163.45,E
KEN,2023-01-01,2023-12-31,114,'404,Kenya,70041,Cost of a healthy diet (CoHD),6205,Value,2023,2023,7S2026,July 2026 (SOFI report),LCU/cap/d,179.36,E
KEN,2024-01-01,2024-12-31,114,'404,Kenya,70041,Cost of a healthy diet (CoHD),6205,Value,2024,2024,7S2026,July 2026 (SOFI report),LCU/cap/d,189.12,E
KEN,2025-01-01,2025-12-31,114,'404,Kenya,70041,Cost of a healthy diet (CoHD),6205,Value,2025,2025,7S2026,July 2026 (SOFI report),LCU/cap/d,202.55,E
KEN,2021-01-01,2021-12-31,114,'404,Kenya,70070,Cost of starchy staples,6226,Value,2021,2021,7S2026,July 2026 (SOFI report),Int$ (PPP) per person per day,0.70,E
KEN,2021-01-01,2021-12-31,114,'404,Kenya,70071,Cost of starchy staples,6205,Value,2021,2021,7S2026,July 2026 (SOFI report),LCU/cap/d,29.54,E
KEN,2021-01-01,2021-12-31,114,'404,Kenya,70080,Cost of animal source foods,6226,Value,2021,2021,7S2026,July 2026 (SOFI report),Int$ (PPP) per person per day,1.32,E
KEN,2021-01-01,2021-12-31,114,'404,Kenya,70081,Cost of animal source foods,6205,Value,2021,2021,7S2026,July 2026 (SOFI report),LCU/cap/d,55.89,E
KEN,2021-01-01,2021-12-31,114,'404,Kenya,70090,"Cost of legumes, nuts and seeds",6226,Value,2021,2021,7S2026,July 2026 (SOFI report),Int$ (PPP) per person per day,0.33,E
KEN,2021-01-01,2021-12-31,114,'404,Kenya,70091,"Cost of legumes, nuts and seeds",6205,Value,2021,2021,7S2026,July 2026 (SOFI report),LCU/cap/d,14.17,E
KEN,2021-01-01,2021-12-31,114,'404,Kenya,70100,Cost of vegetables,6226,Value,2021,2021,7S2026,July 2026 (SOFI report),Int$ (PPP) per person per day,0.38,E
KEN,2021-01-01,2021-12-31,114,'404,Kenya,70101,Cost of vegetables,6205,Value,2021,2021,7S2026,July 2026 (SOFI report),LCU/cap/d,16.26,E
KEN,2021-01-01,2021-12-31,114,'404,Kenya,70110,Cost of fruits,6226,Value,2021,2021,7S2026,July 2026 (SOFI report),Int$ (PPP) per person per day,0.34,E
KEN,2021-01-01,2021-12-31,114,'404,Kenya,70111,Cost of fruits,6205,Value,2021,2021,7S2026,July 2026 (SOFI report),LCU/cap/d,14.51,E
KEN,2021-01-01,2021-12-31,114,'404,Kenya,70120,Cost of oils and fats,6226,Value,2021,2021,7S2026,July 2026 (SOFI report),Int$ (PPP) per person per day,0.35,E
KEN,2021-01-01,2021-12-31,114,'404,Kenya,70121,Cost of oils and fats,6205,Value,2021,2021,7S2026,July 2026 (SOFI report),LCU/cap/d,14.74,E
KEN,2017-01-01,2017-12-31,114,'404,Kenya,7005,Prevalence of unaffordability (PUA),6121,Value,2017,2017,7S2026,July 2026 (SOFI report),%,69.8,E
KEN,2018-01-01,2018-12-31,114,'404,Kenya,7005,Prevalence of unaffordability (PUA),6121,Value,2018,2018,7S2026,July 2026 (SOFI report),%,69.8,E
KEN,2019-01-01,2019-12-31,114,'404,Kenya,7005,Prevalence of unaffordability (PUA),6121,Value,2019,2019,7S2026,July 2026 (SOFI report),%,72.1,E
KEN,2020-01-01,2020-12-31,114,'404,Kenya,7005,Prevalence of unaffordability (PUA),6121,Value,2020,2020,7S2026,July 2026 (SOFI report),%,76.3,E
KEN,2021-01-01,2021-12-31,114,'404,Kenya,7005,Prevalence of unaffordability (PUA),6121,Value,2021,2021,7S2026,July 2026 (SOFI report),%,78.0,E
KEN,2022-01-01,2022-12-31,114,'404,Kenya,7005,Prevalence of unaffordability (PUA),6121,Value,2022,2022,7S2026,July 2026 (SOFI report),%,77.8,E
KEN,2023-01-01,2023-12-31,114,'404,Kenya,7005,Prevalence of unaffordability (PUA),6121,Value,2023,2023,7S2026,July 2026 (SOFI report),%,76.9,E
KEN,2024-01-01,2024-12-31,114,'404,Kenya,7005,Prevalence of unaffordability (PUA),6121,Value,2024,2024,7S2026,July 2026 (SOFI report),%,76.4,E
KEN,2025-01-01,2025-12-31,114,'404,Kenya,7005,Prevalence of unaffordability (PUA),6121,Value,2025,2025,7S2026,July 2026 (SOFI report),%,76.3,E
KEN,2017-01-01,2017-12-31,114,'404,Kenya,7006,Number of people unable to afford a healthy diet (NUA),6132,Value,2017,2017,7S2026,July 2026 (SOFI report),million No,34.3,E
KEN,2018-01-01,2018-12-31,114,'404,Kenya,7006,Number of people unable to afford a healthy diet (NUA),6132,Value,2018,2018,7S2026,July 2026 (SOFI report),million No,35.1,E
KEN,2019-01-01,2019-12-31,114,'404,Kenya,7006,Number of people unable to afford a healthy diet (NUA),6132,Value,2019,2019,7S2026,July 2026 (SOFI report),million No,36.9,E
KEN,2020-01-01,2020-12-31,114,'404,Kenya,7006,Number of people unable to afford a healthy diet (NUA),6132,Value,2020,2020,7S2026,July 2026 (SOFI report),million No,39.8,E
KEN,2021-01-01,2021-12-31,114,'404,Kenya,7006,Number of people unable to afford a healthy diet (NUA),6132,Value,2021,2021,7S2026,July 2026 (SOFI report),million No,41.5,E
KEN,2022-01-01,2022-12-31,114,'404,Kenya,7006,Number of people unable to afford a healthy diet (NUA),6132,Value,2022,2022,7S2026,July 2026 (SOFI report),million No,42.2,E
KEN,2023-01-01,2023-12-31,114,'404,Kenya,7006,Number of people unable to afford a healthy diet (NUA),6132,Value,2023,2023,7S2026,July 2026 (SOFI report),million No,42.6,E
KEN,2024-01-01,2024-12-31,114,'404,Kenya,7006,Number of people unable to afford a healthy diet (NUA),6132,Value,2024,2024,7S2026,July 2026 (SOFI report),million No,43.1,E
KEN,2025-01-01,2025-12-31,114,'404,Kenya,7006,Number of people unable to afford a healthy diet (NUA),6132,Value,2025,2025,7S2026,July 2026 (SOFI report),million No,43.9,E
