Date of analysis,Country,Total country population,Level 1,Validity period,From,To,Phase,Number,Percentage
Jul 2025,KEN,16617000,Others,current,2025-07-01,2025-09-30,all,16617000,1.0
Jul 2025,KEN,16617000,Others,current,2025-07-01,2025-09-30,3+,1760950,0.11
Jul 2025,KEN,16617000,Others,current,2025-07-01,2025-09-30,1,8426900,0.51
Jul 2025,KEN,16617000,Others,current,2025-07-01,2025-09-30,2,6429150,0.39
Jul 2025,KEN,16617000,Others,current,2025-07-01,2025-09-30,3,1581650,0.1
Jul 2025,KEN,16617000,Others,current,2025-07-01,2025-09-30,4,179300,0.01
Jul 2025,KEN,16617000,Others,current,2025-07-01,2025-09-30,5,0,0
Jul 2025,KEN,16617000,Others,first projection,2025-10-01,2026-01-31,all,16617000,1.0
Jul 2025,KEN,16617000,Others,first projection,2025-10-01,2026-01-31,3+,2120900,0.13
Jul 2025,KEN,16617000,Others,first projection,2025-10-01,2026-01-31,1,7440300,0.45
Jul 2025,KEN,16617000,Others,first projection,2025-10-01,2026-01-31,2,7055800,0.42
Jul 2025,KEN,16617000,Others,first projection,2025-10-01,2026-01-31,3,1960600,0.12
Jul 2025,KEN,16617000,Others,first projection,2025-10-01,2026-01-31,4,160300,0.01
Jul 2025,KEN,16617000,Others,first projection,2025-10-01,2026-01-31,5,0,0
Feb 2025,KEN,52428000,Others,current,2025-02-01,2025-03-31,all,16617000,1.0
Feb 2025,KEN,52428000,Others,current,2025-02-01,2025-03-31,3+,2150600,0.13
Feb 2025,KEN,52428000,Others,current,2025-02-01,2025-03-31,1,8113450,0.49
Feb 2025,KEN,52428000,Others,current,2025-02-01,2025-03-31,2,6352950,0.38
Feb 2025,KEN,52428000,Others,current,2025-02-01,2025-03-31,3,1884700,0.11
Feb 2025,KEN,52428000,Others,current,2025-02-01,2025-03-31,4,265900,0.02
Feb 2025,KEN,52428000,Others,current,2025-02-01,2025-03-31,5,0,0
Feb 2025,KEN,52428000,Others,first projection,2025-04-01,2025-06-30,all,16617000,1.0
Feb 2025,KEN,52428000,Others,first projection,2025-04-01,2025-06-30,3+,2823350,0.17
Feb 2025,KEN,52428000,Others,first projection,2025-04-01,2025-06-30,1,7206100,0.43
Feb 2025,KEN,52428000,Others,first projection,2025-04-01,2025-06-30,2,6587550,0.4
Feb 2025,KEN,52428000,Others,first projection,2025-04-01,2025-06-30,3,2531700,0.15
Feb 2025,KEN,52428000,Others,first projection,2025-04-01,2025-06-30,4,291650,0.02
Feb 2025,KEN,52428000,Others,first projection,2025-04-01,2025-06-30,5,0,0
Jul 2024,KEN,52428000,Others,current,2024-07-01,2024-09-30,all,16617000,1.0
Jul 2024,KEN,52428000,Others,current,2024-07-01,2024-09-30,3+,937222,0.05
Jul 2024,KEN,52428000,Others,current,2024-07-01,2024-09-30,1,9881614,0.59
Jul 2024,KEN,52428000,Others,current,2024-07-01,2024-09-30,2,5798165,0.35
Jul 2024,KEN,52428000,Others,current,2024-07-01,2024-09-30,3,894555,0.05
Jul 2024,KEN,52428000,Others,current,2024-07-01,2024-09-30,4,42667,0
Jul 2024,KEN,52428000,Others,current,2024-07-01,2024-09-30,5,0,0
Jul 2024,KEN,52428000,Others,first projection,2024-10-01,2025-01-31,all,16617000,1.0
Jul 2024,KEN,52428000,Others,first projection,2024-10-01,2025-01-31,3+,1732866,0.11
Jul 2024,KEN,52428000,Others,first projection,2024-10-01,2025-01-31,1,8799925,0.53
Jul 2024,KEN,52428000,Others,first projection,2024-10-01,2025-01-31,2,6084209,0.37
Jul 2024,KEN,52428000,Others,first projection,2024-10-01,2025-01-31,3,1634828,0.1
Jul 2024,KEN,52428000,Others,first projection,2024-10-01,2025-01-31,4,98038,0.01
Jul 2024,KEN,52428000,Others,first projection,2024-10-01,2025-01-31,5,0,0
Feb 2024,KEN,52428000,Others,current,2024-02-01,2024-03-31,all,16617000,1.0
Feb 2024,KEN,52428000,Others,current,2024-02-01,2024-03-31,3+,1931900,0.12
Feb 2024,KEN,52428000,Others,current,2024-02-01,2024-03-31,1,9150350,0.55
Feb 2024,KEN,52428000,Others,current,2024-02-01,2024-03-31,2,5534750,0.33
Feb 2024,KEN,52428000,Others,current,2024-02-01,2024-03-31,3,1631950,0.1
Feb 2024,KEN,52428000,Others,current,2024-02-01,2024-03-31,4,299950,0.02
Feb 2024,KEN,52428000,Others,current,2024-02-01,2024-03-31,5,0,0
Feb 2024,KEN,52428000,Others,first projection,2024-04-01,2024-06-30,all,16617000,1.0
Feb 2024,KEN,52428000,Others,first projection,2024-04-01,2024-06-30,3+,1223500,0.07
Feb 2024,KEN,52428000,Others,first projection,2024-04-01,2024-06-30,1,10036750,0.6
Feb 2024,KEN,52428000,Others,first projection,2024-04-01,2024-06-30,2,5356750,0.32
Feb 2024,KEN,52428000,Others,first projection,2024-04-01,2024-06-30,3,1197750,0.07
Feb 2024,KEN,52428000,Others,first projection,2024-04-01,2024-06-30,4,25750,0
Feb 2024,KEN,52428000,Others,first projection,2024-04-01,2024-06-30,5,0,0
Jul 2023,KEN,51525602,ASAL Counties,current,2023-07-01,2023-09-30,all,16617000,1.0
Jul 2023,KEN,51525602,ASAL Counties,current,2023-07-01,2023-09-30,3+,2786550,0.17
Jul 2023,KEN,51525602,ASAL Counties,current,2023-07-01,2023-09-30,1,7423500,0.45
Jul 2023,KEN,51525602,ASAL Counties,current,2023-07-01,2023-09-30,2,6406950,0.39
Jul 2023,KEN,51525602,ASAL Counties,current,2023-07-01,2023-09-30,3,2287350,0.14
Jul 2023,KEN,51525602,ASAL Counties,current,2023-07-01,2023-09-30,4,499200,0.03
Jul 2023,KEN,51525602,ASAL Counties,current,2023-07-01,2023-09-30,5,0,0
Jul 2023,KEN,51525602,ASAL Counties,first projection,2023-10-01,2024-01-31,all,16617000,1.0
Jul 2023,KEN,51525602,ASAL Counties,first projection,2023-10-01,2024-01-31,3+,1524350,0.1
Jul 2023,KEN,51525602,ASAL Counties,first projection,2023-10-01,2024-01-31,1,7574900,0.46
Jul 2023,KEN,51525602,ASAL Counties,first projection,2023-10-01,2024-01-31,2,7517750,0.45
Jul 2023,KEN,51525602,ASAL Counties,first projection,2023-10-01,2024-01-31,3,1258750,0.08
Jul 2023,KEN,51525602,ASAL Counties,first projection,2023-10-01,2024-01-31,4,265600,0.02
Jul 2023,KEN,51525602,ASAL Counties,first projection,2023-10-01,2024-01-31,5,0,0
Jan 2023,KEN,51525602,ASAL Counties,current,2023-02-01,2023-02-28,all,16618409,1.0
Jan 2023,KEN,51525602,ASAL Counties,current,2023-02-01,2023-02-28,3+,4389779,0.27
Jan 2023,KEN,51525602,ASAL Counties,current,2023-02-01,2023-02-28,1,6161857,0.37
Jan 2023,KEN,51525602,ASAL Counties,current,2023-02-01,2023-02-28,2,6066774,0.37
Jan 2023,KEN,51525602,ASAL Counties,current,2023-02-01,2023-02-28,3,3615790,0.22
Jan 2023,KEN,51525602,ASAL Counties,current,2023-02-01,2023-02-28,4,773989,0.05
Jan 2023,KEN,51525602,ASAL Counties,current,2023-02-01,2023-02-28,5,0,0
Jan 2023,KEN,51525602,ASAL Counties,first projection,2023-03-01,2023-06-30,all,16618409,1.0
Jan 2023,KEN,51525602,ASAL Counties,first projection,2023-03-01,2023-06-30,3+,5438215,0.32
Jan 2023,KEN,51525602,ASAL Counties,first projection,2023-03-01,2023-06-30,1,5275006,0.32
Jan 2023,KEN,51525602,ASAL Counties,first projection,2023-03-01,2023-06-30,2,5905188,0.36
Jan 2023,KEN,51525602,ASAL Counties,first projection,2023-03-01,2023-06-30,3,4213529,0.25
Jan 2023,KEN,51525602,ASAL Counties,first projection,2023-03-01,2023-06-30,4,1224686,0.07
Jan 2023,KEN,51525602,ASAL Counties,first projection,2023-03-01,2023-06-30,5,0,0
Feb 2021,KEN,54986000,ASAL Counties,current,2021-02-01,2021-02-28,all,15414269,1.0
Feb 2021,KEN,54986000,ASAL Counties,current,2021-02-01,2021-02-28,3+,1425209,0.1
Feb 2021,KEN,54986000,ASAL Counties,current,2021-02-01,2021-02-28,1,8755331,0.57
Feb 2021,KEN,54986000,ASAL Counties,current,2021-02-01,2021-02-28,2,5233729,0.34
Feb 2021,KEN,54986000,ASAL Counties,current,2021-02-01,2021-02-28,3,1186654,0.08
Feb 2021,KEN,54986000,ASAL Counties,current,2021-02-01,2021-02-28,4,238555,0.02
Feb 2021,KEN,54986000,ASAL Counties,current,2021-02-01,2021-02-28,5,0,0
Feb 2021,KEN,54986000,ASAL Counties,first projection,2021-03-01,2021-05-31,all,15414269,1.0
Feb 2021,KEN,54986000,ASAL Counties,first projection,2021-03-01,2021-05-31,3+,2008394,0.13
Feb 2021,KEN,54986000,ASAL Counties,first projection,2021-03-01,2021-05-31,1,7848015,0.51
Feb 2021,KEN,54986000,ASAL Counties,first projection,2021-03-01,2021-05-31,2,5557860,0.36
Feb 2021,KEN,54986000,ASAL Counties,first projection,2021-03-01,2021-05-31,3,1769839,0.11
Feb 2021,KEN,54986000,ASAL Counties,first projection,2021-03-01,2021-05-31,4,238555,0.02
Feb 2021,KEN,54986000,ASAL Counties,first projection,2021-03-01,2021-05-31,5,0,0
Aug 2020,KEN,53771000,ASAL Counties,current,2020-08-01,2020-09-30,all,15413747,1.0
Aug 2020,KEN,53771000,ASAL Counties,current,2020-08-01,2020-09-30,3+,739101,0.05
Aug 2020,KEN,53771000,ASAL Counties,current,2020-08-01,2020-09-30,1,9561461,0.62
Aug 2020,KEN,53771000,ASAL Counties,current,2020-08-01,2020-09-30,2,5113186,0.33
Aug 2020,KEN,53771000,ASAL Counties,current,2020-08-01,2020-09-30,3,695728,0.05
Aug 2020,KEN,53771000,ASAL Counties,current,2020-08-01,2020-09-30,4,43373,0
Aug 2020,KEN,53771000,ASAL Counties,current,2020-08-01,2020-09-30,5,0,0
Aug 2020,KEN,53771000,ASAL Counties,first projection,2020-10-01,2020-12-31,all,15414266,1.0
Aug 2020,KEN,53771000,ASAL Counties,first projection,2020-10-01,2020-12-31,3+,851993,0.05
Aug 2020,KEN,53771000,ASAL Counties,first projection,2020-10-01,2020-12-31,1,9160962,0.59
Aug 2020,KEN,53771000,ASAL Counties,first projection,2020-10-01,2020-12-31,2,5401311,0.35
Aug 2020,KEN,53771000,ASAL Counties,first projection,2020-10-01,2020-12-31,3,686819,0.04
Aug 2020,KEN,53771000,ASAL Counties,first projection,2020-10-01,2020-12-31,4,165174,0.01
Aug 2020,KEN,53771000,ASAL Counties,first projection,2020-10-01,2020-12-31,5,0,0
Aug 2020,KEN,53771000,Urban Analysis,current,2020-08-01,2020-09-30,all,2496077,1.0
Aug 2020,KEN,53771000,Urban Analysis,current,2020-08-01,2020-09-30,3+,1070793,0.43
Aug 2020,KEN,53771000,Urban Analysis,current,2020-08-01,2020-09-30,1,517823,0.21
Aug 2020,KEN,53771000,Urban Analysis,current,2020-08-01,2020-09-30,2,907461,0.36
Aug 2020,KEN,53771000,Urban Analysis,current,2020-08-01,2020-09-30,3,803401,0.32
Aug 2020,KEN,53771000,Urban Analysis,current,2020-08-01,2020-09-30,4,267392,0.11
Aug 2020,KEN,53771000,Urban Analysis,current,2020-08-01,2020-09-30,5,0,0
Aug 2020,KEN,53771000,Urban Analysis,first projection,2020-10-01,2020-12-31,all,2496077,1.0
Aug 2020,KEN,53771000,Urban Analysis,first projection,2020-10-01,2020-12-31,3+,1031265,0.41
Aug 2020,KEN,53771000,Urban Analysis,first projection,2020-10-01,2020-12-31,1,533741,0.21
Aug 2020,KEN,53771000,Urban Analysis,first projection,2020-10-01,2020-12-31,2,931071,0.37
Aug 2020,KEN,53771000,Urban Analysis,first projection,2020-10-01,2020-12-31,3,796909,0.32
Aug 2020,KEN,53771000,Urban Analysis,first projection,2020-10-01,2020-12-31,4,234356,0.09
Aug 2020,KEN,53771000,Urban Analysis,first projection,2020-10-01,2020-12-31,5,0,0
