Date of analysis,Country,Total country population,Level 1,Area,Validity period,From,To,Phase,Number,Percentage
Feb 2026,KEN,53331000,,Baringo,current,2026-01-01,2026-03-31,all,764000,1.0
Feb 2026,KEN,53331000,,Baringo,current,2026-01-01,2026-03-31,3+,114600,0.15
Feb 2026,KEN,53331000,,Baringo,current,2026-01-01,2026-03-31,1,382000,0.5
Feb 2026,KEN,53331000,,Baringo,current,2026-01-01,2026-03-31,2,267400,0.35
Feb 2026,KEN,53331000,,Baringo,current,2026-01-01,2026-03-31,3,114600,0.15
Feb 2026,KEN,53331000,,Baringo,current,2026-01-01,2026-03-31,4,0,0
Feb 2026,KEN,53331000,,Baringo,current,2026-01-01,2026-03-31,5,0,0
Feb 2026,KEN,53331000,,Baringo,first projection,2026-04-01,2026-06-30,all,764000,1.0
Feb 2026,KEN,53331000,,Baringo,first projection,2026-04-01,2026-06-30,3+,114600,0.15
Feb 2026,KEN,53331000,,Baringo,first projection,2026-04-01,2026-06-30,1,420200,0.55
Feb 2026,KEN,53331000,,Baringo,first projection,2026-04-01,2026-06-30,2,229200,0.3
Feb 2026,KEN,53331000,,Baringo,first projection,2026-04-01,2026-06-30,3,114600,0.15
Feb 2026,KEN,53331000,,Baringo,first projection,2026-04-01,2026-06-30,4,0,0
Feb 2026,KEN,53331000,,Baringo,first projection,2026-04-01,2026-06-30,5,0,0
Feb 2026,KEN,53331000,,Dadaab,current,2026-01-01,2026-03-31,all,442547,1.0
Feb 2026,KEN,53331000,,Dadaab,current,2026-01-01,2026-03-31,3+,243401,0.55
Feb 2026,KEN,53331000,,Dadaab,current,2026-01-01,2026-03-31,1,66382,0.15
Feb 2026,KEN,53331000,,Dadaab,current,2026-01-01,2026-03-31,2,132764,0.3
Feb 2026,KEN,53331000,,Dadaab,current,2026-01-01,2026-03-31,3,132764,0.3
Feb 2026,KEN,53331000,,Dadaab,current,2026-01-01,2026-03-31,4,110637,0.25
Feb 2026,KEN,53331000,,Dadaab,current,2026-01-01,2026-03-31,5,0,0
Feb 2026,KEN,53331000,,Dadaab,first projection,2026-04-01,2026-06-30,all,442547,1.0
Feb 2026,KEN,53331000,,Dadaab,first projection,2026-04-01,2026-06-30,3+,243401,0.55
Feb 2026,KEN,53331000,,Dadaab,first projection,2026-04-01,2026-06-30,1,66382,0.15
Feb 2026,KEN,53331000,,Dadaab,first projection,2026-04-01,2026-06-30,2,132764,0.3
Feb 2026,KEN,53331000,,Dadaab,first projection,2026-04-01,2026-06-30,3,132764,0.3
Feb 2026,KEN,53331000,,Dadaab,first projection,2026-04-01,2026-06-30,4,110637,0.25
Feb 2026,KEN,53331000,,Dadaab,first projection,2026-04-01,2026-06-30,5,0,0
Feb 2026,KEN,53331000,,Embu,current,2026-01-01,2026-03-31,all,296000,1.0
Feb 2026,KEN,53331000,,Embu,current,2026-01-01,2026-03-31,3+,14800,0.05
Feb 2026,KEN,53331000,,Embu,current,2026-01-01,2026-03-31,1,103600,0.35
Feb 2026,KEN,53331000,,Embu,current,2026-01-01,2026-03-31,2,177600,0.6
Feb 2026,KEN,53331000,,Embu,current,2026-01-01,2026-03-31,3,14800,0.05
Feb 2026,KEN,53331000,,Embu,current,2026-01-01,2026-03-31,4,0,0
Feb 2026,KEN,53331000,,Embu,current,2026-01-01,2026-03-31,5,0,0
Feb 2026,KEN,53331000,,Embu,first projection,2026-04-01,2026-06-30,all,296000,1.0
Feb 2026,KEN,53331000,,Embu,first projection,2026-04-01,2026-06-30,3+,14800,0.05
Feb 2026,KEN,53331000,,Embu,first projection,2026-04-01,2026-06-30,1,103600,0.35
Feb 2026,KEN,53331000,,Embu,first projection,2026-04-01,2026-06-30,2,177600,0.6
Feb 2026,KEN,53331000,,Embu,first projection,2026-04-01,2026-06-30,3,14800,0.05
Feb 2026,KEN,53331000,,Embu,first projection,2026-04-01,2026-06-30,4,0,0
Feb 2026,KEN,53331000,,Embu,first projection,2026-04-01,2026-06-30,5,0,0
Feb 2026,KEN,53331000,,Garissa,current,2026-01-01,2026-03-31,all,971000,1.0
Feb 2026,KEN,53331000,,Garissa,current,2026-01-01,2026-03-31,3+,242750,0.25
Feb 2026,KEN,53331000,,Garissa,current,2026-01-01,2026-03-31,1,291300,0.3
Feb 2026,KEN,53331000,,Garissa,current,2026-01-01,2026-03-31,2,436950,0.45
Feb 2026,KEN,53331000,,Garissa,current,2026-01-01,2026-03-31,3,194200,0.2
Feb 2026,KEN,53331000,,Garissa,current,2026-01-01,2026-03-31,4,48550,0.05
Feb 2026,KEN,53331000,,Garissa,current,2026-01-01,2026-03-31,5,0,0
Feb 2026,KEN,53331000,,Garissa,first projection,2026-04-01,2026-06-30,all,971000,1.0
Feb 2026,KEN,53331000,,Garissa,first projection,2026-04-01,2026-06-30,3+,242750,0.25
Feb 2026,KEN,53331000,,Garissa,first projection,2026-04-01,2026-06-30,1,291300,0.3
Feb 2026,KEN,53331000,,Garissa,first projection,2026-04-01,2026-06-30,2,436950,0.45
Feb 2026,KEN,53331000,,Garissa,first projection,2026-04-01,2026-06-30,3,194200,0.2
Feb 2026,KEN,53331000,,Garissa,first projection,2026-04-01,2026-06-30,4,48550,0.05
Feb 2026,KEN,53331000,,Garissa,first projection,2026-04-01,2026-06-30,5,0,0
Feb 2026,KEN,53331000,,Isiolo,current,2026-01-01,2026-03-31,all,330000,1.0
Feb 2026,KEN,53331000,,Isiolo,current,2026-01-01,2026-03-31,3+,66000,0.2
Feb 2026,KEN,53331000,,Isiolo,current,2026-01-01,2026-03-31,1,115500,0.35
Feb 2026,KEN,53331000,,Isiolo,current,2026-01-01,2026-03-31,2,148500,0.45
Feb 2026,KEN,53331000,,Isiolo,current,2026-01-01,2026-03-31,3,66000,0.2
Feb 2026,KEN,53331000,,Isiolo,current,2026-01-01,2026-03-31,4,0,0
Feb 2026,KEN,53331000,,Isiolo,current,2026-01-01,2026-03-31,5,0,0
Feb 2026,KEN,53331000,,Isiolo,first projection,2026-04-01,2026-06-30,all,330000,1.0
Feb 2026,KEN,53331000,,Isiolo,first projection,2026-04-01,2026-06-30,3+,82500,0.25
Feb 2026,KEN,53331000,,Isiolo,first projection,2026-04-01,2026-06-30,1,99000,0.3
Feb 2026,KEN,53331000,,Isiolo,first projection,2026-04-01,2026-06-30,2,148500,0.45
Feb 2026,KEN,53331000,,Isiolo,first projection,2026-04-01,2026-06-30,3,82500,0.25
Feb 2026,KEN,53331000,,Isiolo,first projection,2026-04-01,2026-06-30,4,0,0
Feb 2026,KEN,53331000,,Isiolo,first projection,2026-04-01,2026-06-30,5,0,0
Feb 2026,KEN,53331000,,Lamu,current,2026-01-01,2026-03-31,all,176000,1.0
Feb 2026,KEN,53331000,,Lamu,current,2026-01-01,2026-03-31,3+,26400,0.15
Feb 2026,KEN,53331000,,Lamu,current,2026-01-01,2026-03-31,1,61600,0.35
Feb 2026,KEN,53331000,,Lamu,current,2026-01-01,2026-03-31,2,88000,0.5
Feb 2026,KEN,53331000,,Lamu,current,2026-01-01,2026-03-31,3,26400,0.15
Feb 2026,KEN,53331000,,Lamu,current,2026-01-01,2026-03-31,4,0,0
Feb 2026,KEN,53331000,,Lamu,current,2026-01-01,2026-03-31,5,0,0
Feb 2026,KEN,53331000,,Lamu,first projection,2026-04-01,2026-06-30,all,176000,1.0
Feb 2026,KEN,53331000,,Lamu,first projection,2026-04-01,2026-06-30,3+,35200,0.2
Feb 2026,KEN,53331000,,Lamu,first projection,2026-04-01,2026-06-30,1,52800,0.3
Feb 2026,KEN,53331000,,Lamu,first projection,2026-04-01,2026-06-30,2,88000,0.5
Feb 2026,KEN,53331000,,Lamu,first projection,2026-04-01,2026-06-30,3,35200,0.2
Feb 2026,KEN,53331000,,Lamu,first projection,2026-04-01,2026-06-30,4,0,0
Feb 2026,KEN,53331000,,Lamu,first projection,2026-04-01,2026-06-30,5,0,0
Feb 2026,KEN,53331000,,Kajiado,current,2026-01-01,2026-03-31,all,1328000,1.0
Feb 2026,KEN,53331000,,Kajiado,current,2026-01-01,2026-03-31,3+,66400,0.05
Feb 2026,KEN,53331000,,Kajiado,current,2026-01-01,2026-03-31,1,730400,0.55
Feb 2026,KEN,53331000,,Kajiado,current,2026-01-01,2026-03-31,2,531200,0.4
Feb 2026,KEN,53331000,,Kajiado,current,2026-01-01,2026-03-31,3,66400,0.05
Feb 2026,KEN,53331000,,Kajiado,current,2026-01-01,2026-03-31,4,0,0
Feb 2026,KEN,53331000,,Kajiado,current,2026-01-01,2026-03-31,5,0,0
Feb 2026,KEN,53331000,,Kajiado,first projection,2026-04-01,2026-06-30,all,1328000,1.0
Feb 2026,KEN,53331000,,Kajiado,first projection,2026-04-01,2026-06-30,3+,66400,0.05
Feb 2026,KEN,53331000,,Kajiado,first projection,2026-04-01,2026-06-30,1,664000,0.5
Feb 2026,KEN,53331000,,Kajiado,first projection,2026-04-01,2026-06-30,2,597600,0.45
Feb 2026,KEN,53331000,,Kajiado,first projection,2026-04-01,2026-06-30,3,66400,0.05
Feb 2026,KEN,53331000,,Kajiado,first projection,2026-04-01,2026-06-30,4,0,0
Feb 2026,KEN,53331000,,Kajiado,first projection,2026-04-01,2026-06-30,5,0,0
Feb 2026,KEN,53331000,,Kakuma,current,2026-01-01,2026-03-31,all,221090,1.0
Feb 2026,KEN,53331000,,Kakuma,current,2026-01-01,2026-03-31,3+,132654,0.6
Feb 2026,KEN,53331000,,Kakuma,current,2026-01-01,2026-03-31,1,22109,0.1
Feb 2026,KEN,53331000,,Kakuma,current,2026-01-01,2026-03-31,2,66327,0.3
Feb 2026,KEN,53331000,,Kakuma,current,2026-01-01,2026-03-31,3,77382,0.35
Feb 2026,KEN,53331000,,Kakuma,current,2026-01-01,2026-03-31,4,55273,0.25
Feb 2026,KEN,53331000,,Kakuma,current,2026-01-01,2026-03-31,5,0,0
Feb 2026,KEN,53331000,,Kakuma,first projection,2026-04-01,2026-06-30,all,221090,1.0
Feb 2026,KEN,53331000,,Kakuma,first projection,2026-04-01,2026-06-30,3+,132654,0.6
Feb 2026,KEN,53331000,,Kakuma,first projection,2026-04-01,2026-06-30,1,22109,0.1
Feb 2026,KEN,53331000,,Kakuma,first projection,2026-04-01,2026-06-30,2,66327,0.3
Feb 2026,KEN,53331000,,Kakuma,first projection,2026-04-01,2026-06-30,3,77382,0.35
Feb 2026,KEN,53331000,,Kakuma,first projection,2026-04-01,2026-06-30,4,55273,0.25
Feb 2026,KEN,53331000,,Kakuma,first projection,2026-04-01,2026-06-30,5,0,0
Feb 2026,KEN,53331000,,Kalobeyei,current,2026-01-01,2026-03-31,all,82184,1.0
Feb 2026,KEN,53331000,,Kalobeyei,current,2026-01-01,2026-03-31,3+,53420,0.65
Feb 2026,KEN,53331000,,Kalobeyei,current,2026-01-01,2026-03-31,1,8218,0.1
Feb 2026,KEN,53331000,,Kalobeyei,current,2026-01-01,2026-03-31,2,20546,0.25
Feb 2026,KEN,53331000,,Kalobeyei,current,2026-01-01,2026-03-31,3,32874,0.4
Feb 2026,KEN,53331000,,Kalobeyei,current,2026-01-01,2026-03-31,4,20546,0.25
Feb 2026,KEN,53331000,,Kalobeyei,current,2026-01-01,2026-03-31,5,0,0
Feb 2026,KEN,53331000,,Kalobeyei,first projection,2026-04-01,2026-06-30,all,82184,1.0
Feb 2026,KEN,53331000,,Kalobeyei,first projection,2026-04-01,2026-06-30,3+,53420,0.65
Feb 2026,KEN,53331000,,Kalobeyei,first projection,2026-04-01,2026-06-30,1,8218,0.1
Feb 2026,KEN,53331000,,Kalobeyei,first projection,2026-04-01,2026-06-30,2,20546,0.25
Feb 2026,KEN,53331000,,Kalobeyei,first projection,2026-04-01,2026-06-30,3,32874,0.4
Feb 2026,KEN,53331000,,Kalobeyei,first projection,2026-04-01,2026-06-30,4,20546,0.25
Feb 2026,KEN,53331000,,Kalobeyei,first projection,2026-04-01,2026-06-30,5,0,0
Feb 2026,KEN,53331000,,Kilifi,current,2026-01-01,2026-03-31,all,1637000,1.0
Feb 2026,KEN,53331000,,Kilifi,current,2026-01-01,2026-03-31,3+,245550,0.15
Feb 2026,KEN,53331000,,Kilifi,current,2026-01-01,2026-03-31,1,1064050,0.65
Feb 2026,KEN,53331000,,Kilifi,current,2026-01-01,2026-03-31,2,327400,0.2
Feb 2026,KEN,53331000,,Kilifi,current,2026-01-01,2026-03-31,3,245550,0.15
Feb 2026,KEN,53331000,,Kilifi,current,2026-01-01,2026-03-31,4,0,0
Feb 2026,KEN,53331000,,Kilifi,current,2026-01-01,2026-03-31,5,0,0
Feb 2026,KEN,53331000,,Kilifi,first projection,2026-04-01,2026-06-30,all,1637000,1.0
Feb 2026,KEN,53331000,,Kilifi,first projection,2026-04-01,2026-06-30,3+,327400,0.2
Feb 2026,KEN,53331000,,Kilifi,first projection,2026-04-01,2026-06-30,1,900350,0.55
Feb 2026,KEN,53331000,,Kilifi,first projection,2026-04-01,2026-06-30,2,409250,0.25
Feb 2026,KEN,53331000,,Kilifi,first projection,2026-04-01,2026-06-30,3,327400,0.2
Feb 2026,KEN,53331000,,Kilifi,first projection,2026-04-01,2026-06-30,4,0,0
Feb 2026,KEN,53331000,,Kilifi,first projection,2026-04-01,2026-06-30,5,0,0
Feb 2026,KEN,53331000,,Kitui,current,2026-01-01,2026-03-31,all,1259000,1.0
Feb 2026,KEN,53331000,,Kitui,current,2026-01-01,2026-03-31,3+,188850,0.15
Feb 2026,KEN,53331000,,Kitui,current,2026-01-01,2026-03-31,1,818350,0.65
Feb 2026,KEN,53331000,,Kitui,current,2026-01-01,2026-03-31,2,251800,0.2
Feb 2026,KEN,53331000,,Kitui,current,2026-01-01,2026-03-31,3,188850,0.15
Feb 2026,KEN,53331000,,Kitui,current,2026-01-01,2026-03-31,4,0,0
Feb 2026,KEN,53331000,,Kitui,current,2026-01-01,2026-03-31,5,0,0
Feb 2026,KEN,53331000,,Kitui,first projection,2026-04-01,2026-06-30,all,1259000,1.0
Feb 2026,KEN,53331000,,Kitui,first projection,2026-04-01,2026-06-30,3+,251800,0.2
Feb 2026,KEN,53331000,,Kitui,first projection,2026-04-01,2026-06-30,1,755400,0.6
Feb 2026,KEN,53331000,,Kitui,first projection,2026-04-01,2026-06-30,2,251800,0.2
Feb 2026,KEN,53331000,,Kitui,first projection,2026-04-01,2026-06-30,3,251800,0.2
Feb 2026,KEN,53331000,,Kitui,first projection,2026-04-01,2026-06-30,4,0,0
Feb 2026,KEN,53331000,,Kitui,first projection,2026-04-01,2026-06-30,5,0,0
Feb 2026,KEN,53331000,,Kwale,current,2026-01-01,2026-03-31,all,988000,1.0
Feb 2026,KEN,53331000,,Kwale,current,2026-01-01,2026-03-31,3+,197600,0.2
Feb 2026,KEN,53331000,,Kwale,current,2026-01-01,2026-03-31,1,395200,0.4
Feb 2026,KEN,53331000,,Kwale,current,2026-01-01,2026-03-31,2,395200,0.4
Feb 2026,KEN,53331000,,Kwale,current,2026-01-01,2026-03-31,3,197600,0.2
Feb 2026,KEN,53331000,,Kwale,current,2026-01-01,2026-03-31,4,0,0
Feb 2026,KEN,53331000,,Kwale,current,2026-01-01,2026-03-31,5,0,0
Feb 2026,KEN,53331000,,Kwale,first projection,2026-04-01,2026-06-30,all,988000,1.0
Feb 2026,KEN,53331000,,Kwale,first projection,2026-04-01,2026-06-30,3+,247000,0.25
Feb 2026,KEN,53331000,,Kwale,first projection,2026-04-01,2026-06-30,1,296400,0.3
Feb 2026,KEN,53331000,,Kwale,first projection,2026-04-01,2026-06-30,2,444600,0.45
Feb 2026,KEN,53331000,,Kwale,first projection,2026-04-01,2026-06-30,3,197600,0.2
Feb 2026,KEN,53331000,,Kwale,first projection,2026-04-01,2026-06-30,4,49400,0.05
Feb 2026,KEN,53331000,,Kwale,first projection,2026-04-01,2026-06-30,5,0,0
Feb 2026,KEN,53331000,,Laikipia,current,2026-01-01,2026-03-31,all,583000,1.0
Feb 2026,KEN,53331000,,Laikipia,current,2026-01-01,2026-03-31,3+,29150,0.05
Feb 2026,KEN,53331000,,Laikipia,current,2026-01-01,2026-03-31,1,262350,0.45
Feb 2026,KEN,53331000,,Laikipia,current,2026-01-01,2026-03-31,2,291500,0.5
Feb 2026,KEN,53331000,,Laikipia,current,2026-01-01,2026-03-31,3,29150,0.05
Feb 2026,KEN,53331000,,Laikipia,current,2026-01-01,2026-03-31,4,0,0
Feb 2026,KEN,53331000,,Laikipia,current,2026-01-01,2026-03-31,5,0,0
Feb 2026,KEN,53331000,,Laikipia,first projection,2026-04-01,2026-06-30,all,583000,1.0
Feb 2026,KEN,53331000,,Laikipia,first projection,2026-04-01,2026-06-30,3+,29150,0.05
Feb 2026,KEN,53331000,,Laikipia,first projection,2026-04-01,2026-06-30,1,262350,0.45
Feb 2026,KEN,53331000,,Laikipia,first projection,2026-04-01,2026-06-30,2,291500,0.5
Feb 2026,KEN,53331000,,Laikipia,first projection,2026-04-01,2026-06-30,3,29150,0.05
Feb 2026,KEN,53331000,,Laikipia,first projection,2026-04-01,2026-06-30,4,0,0
Feb 2026,KEN,53331000,,Laikipia,first projection,2026-04-01,2026-06-30,5,0,0
Feb 2026,KEN,53331000,,Makueni,current,2026-01-01,2026-03-31,all,1065000,1.0
Feb 2026,KEN,53331000,,Makueni,current,2026-01-01,2026-03-31,3+,159750,0.15
Feb 2026,KEN,53331000,,Makueni,current,2026-01-01,2026-03-31,1,532500,0.5
Feb 2026,KEN,53331000,,Makueni,current,2026-01-01,2026-03-31,2,372750,0.35
Feb 2026,KEN,53331000,,Makueni,current,2026-01-01,2026-03-31,3,159750,0.15
Feb 2026,KEN,53331000,,Makueni,current,2026-01-01,2026-03-31,4,0,0
Feb 2026,KEN,53331000,,Makueni,current,2026-01-01,2026-03-31,5,0,0
Feb 2026,KEN,53331000,,Makueni,first projection,2026-04-01,2026-06-30,all,1065000,1.0
Feb 2026,KEN,53331000,,Makueni,first projection,2026-04-01,2026-06-30,3+,213000,0.2
Feb 2026,KEN,53331000,,Makueni,first projection,2026-04-01,2026-06-30,1,426000,0.4
Feb 2026,KEN,53331000,,Makueni,first projection,2026-04-01,2026-06-30,2,426000,0.4
Feb 2026,KEN,53331000,,Makueni,first projection,2026-04-01,2026-06-30,3,213000,0.2
Feb 2026,KEN,53331000,,Makueni,first projection,2026-04-01,2026-06-30,4,0,0
Feb 2026,KEN,53331000,,Makueni,first projection,2026-04-01,2026-06-30,5,0,0
Feb 2026,KEN,53331000,,Mandera,current,2026-01-01,2026-03-31,all,1007000,1.0
Feb 2026,KEN,53331000,,Mandera,current,2026-01-01,2026-03-31,3+,503500,0.5
Feb 2026,KEN,53331000,,Mandera,current,2026-01-01,2026-03-31,1,201400,0.2
Feb 2026,KEN,53331000,,Mandera,current,2026-01-01,2026-03-31,2,302100,0.3
Feb 2026,KEN,53331000,,Mandera,current,2026-01-01,2026-03-31,3,352450,0.35
Feb 2026,KEN,53331000,,Mandera,current,2026-01-01,2026-03-31,4,151050,0.15
Feb 2026,KEN,53331000,,Mandera,current,2026-01-01,2026-03-31,5,0,0
Feb 2026,KEN,53331000,,Mandera,first projection,2026-04-01,2026-06-30,all,1007000,1.0
Feb 2026,KEN,53331000,,Mandera,first projection,2026-04-01,2026-06-30,3+,604200,0.6
Feb 2026,KEN,53331000,,Mandera,first projection,2026-04-01,2026-06-30,1,151050,0.15
Feb 2026,KEN,53331000,,Mandera,first projection,2026-04-01,2026-06-30,2,251750,0.25
Feb 2026,KEN,53331000,,Mandera,first projection,2026-04-01,2026-06-30,3,402800,0.4
Feb 2026,KEN,53331000,,Mandera,first projection,2026-04-01,2026-06-30,4,201400,0.2
Feb 2026,KEN,53331000,,Mandera,first projection,2026-04-01,2026-06-30,5,0,0
Feb 2026,KEN,53331000,,Marsabit,current,2026-01-01,2026-03-31,all,539000,1.0
Feb 2026,KEN,53331000,,Marsabit,current,2026-01-01,2026-03-31,3+,134750,0.25
Feb 2026,KEN,53331000,,Marsabit,current,2026-01-01,2026-03-31,1,161700,0.3
Feb 2026,KEN,53331000,,Marsabit,current,2026-01-01,2026-03-31,2,242550,0.45
Feb 2026,KEN,53331000,,Marsabit,current,2026-01-01,2026-03-31,3,107800,0.2
Feb 2026,KEN,53331000,,Marsabit,current,2026-01-01,2026-03-31,4,26950,0.05
Feb 2026,KEN,53331000,,Marsabit,current,2026-01-01,2026-03-31,5,0,0
Feb 2026,KEN,53331000,,Marsabit,first projection,2026-04-01,2026-06-30,all,539000,1.0
Feb 2026,KEN,53331000,,Marsabit,first projection,2026-04-01,2026-06-30,3+,134750,0.25
Feb 2026,KEN,53331000,,Marsabit,first projection,2026-04-01,2026-06-30,1,188650,0.35
Feb 2026,KEN,53331000,,Marsabit,first projection,2026-04-01,2026-06-30,2,215600,0.4
Feb 2026,KEN,53331000,,Marsabit,first projection,2026-04-01,2026-06-30,3,107800,0.2
Feb 2026,KEN,53331000,,Marsabit,first projection,2026-04-01,2026-06-30,4,26950,0.05
Feb 2026,KEN,53331000,,Marsabit,first projection,2026-04-01,2026-06-30,5,0,0
Feb 2026,KEN,53331000,,Meru,current,2026-01-01,2026-03-31,all,994000,1.0
Feb 2026,KEN,53331000,,Meru,current,2026-01-01,2026-03-31,3+,198800,0.2
Feb 2026,KEN,53331000,,Meru,current,2026-01-01,2026-03-31,1,497000,0.5
Feb 2026,KEN,53331000,,Meru,current,2026-01-01,2026-03-31,2,298200,0.3
Feb 2026,KEN,53331000,,Meru,current,2026-01-01,2026-03-31,3,198800,0.2
Feb 2026,KEN,53331000,,Meru,current,2026-01-01,2026-03-31,4,0,0
Feb 2026,KEN,53331000,,Meru,current,2026-01-01,2026-03-31,5,0,0
Feb 2026,KEN,53331000,,Meru,first projection,2026-04-01,2026-06-30,all,994000,1.0
Feb 2026,KEN,53331000,,Meru,first projection,2026-04-01,2026-06-30,3+,198800,0.2
Feb 2026,KEN,53331000,,Meru,first projection,2026-04-01,2026-06-30,1,497000,0.5
Feb 2026,KEN,53331000,,Meru,first projection,2026-04-01,2026-06-30,2,298200,0.3
Feb 2026,KEN,53331000,,Meru,first projection,2026-04-01,2026-06-30,3,198800,0.2
Feb 2026,KEN,53331000,,Meru,first projection,2026-04-01,2026-06-30,4,0,0
Feb 2026,KEN,53331000,,Meru,first projection,2026-04-01,2026-06-30,5,0,0
Feb 2026,KEN,53331000,,Narok,current,2026-01-01,2026-03-31,all,1355000,1.0
Feb 2026,KEN,53331000,,Narok,current,2026-01-01,2026-03-31,3+,67750,0.05
Feb 2026,KEN,53331000,,Narok,current,2026-01-01,2026-03-31,1,1084000,0.8
Feb 2026,KEN,53331000,,Narok,current,2026-01-01,2026-03-31,2,203250,0.15
Feb 2026,KEN,53331000,,Narok,current,2026-01-01,2026-03-31,3,67750,0.05
Feb 2026,KEN,53331000,,Narok,current,2026-01-01,2026-03-31,4,0,0
Feb 2026,KEN,53331000,,Narok,current,2026-01-01,2026-03-31,5,0,0
Feb 2026,KEN,53331000,,Narok,first projection,2026-04-01,2026-06-30,all,1355000,1.0
Feb 2026,KEN,53331000,,Narok,first projection,2026-04-01,2026-06-30,3+,67750,0.05
Feb 2026,KEN,53331000,,Narok,first projection,2026-04-01,2026-06-30,1,1084000,0.8
Feb 2026,KEN,53331000,,Narok,first projection,2026-04-01,2026-06-30,2,203250,0.15
Feb 2026,KEN,53331000,,Narok,first projection,2026-04-01,2026-06-30,3,67750,0.05
Feb 2026,KEN,53331000,,Narok,first projection,2026-04-01,2026-06-30,4,0,0
Feb 2026,KEN,53331000,,Narok,first projection,2026-04-01,2026-06-30,5,0,0
Feb 2026,KEN,53331000,,Nyeri,current,2026-01-01,2026-03-31,all,223500,1.0
Feb 2026,KEN,53331000,,Nyeri,current,2026-01-01,2026-03-31,3+,11175,0.05
Feb 2026,KEN,53331000,,Nyeri,current,2026-01-01,2026-03-31,1,145275,0.65
Feb 2026,KEN,53331000,,Nyeri,current,2026-01-01,2026-03-31,2,67050,0.3
Feb 2026,KEN,53331000,,Nyeri,current,2026-01-01,2026-03-31,3,11175,0.05
Feb 2026,KEN,53331000,,Nyeri,current,2026-01-01,2026-03-31,4,0,0
Feb 2026,KEN,53331000,,Nyeri,current,2026-01-01,2026-03-31,5,0,0
Feb 2026,KEN,53331000,,Nyeri,first projection,2026-04-01,2026-06-30,all,223500,1.0
Feb 2026,KEN,53331000,,Nyeri,first projection,2026-04-01,2026-06-30,3+,11175,0.05
Feb 2026,KEN,53331000,,Nyeri,first projection,2026-04-01,2026-06-30,1,156450,0.7
Feb 2026,KEN,53331000,,Nyeri,first projection,2026-04-01,2026-06-30,2,55875,0.25
Feb 2026,KEN,53331000,,Nyeri,first projection,2026-04-01,2026-06-30,3,11175,0.05
Feb 2026,KEN,53331000,,Nyeri,first projection,2026-04-01,2026-06-30,4,0,0
Feb 2026,KEN,53331000,,Nyeri,first projection,2026-04-01,2026-06-30,5,0,0
Feb 2026,KEN,53331000,,Samburu,current,2026-01-01,2026-03-31,all,367000,1.0
Feb 2026,KEN,53331000,,Samburu,current,2026-01-01,2026-03-31,3+,91750,0.25
Feb 2026,KEN,53331000,,Samburu,current,2026-01-01,2026-03-31,1,110100,0.3
Feb 2026,KEN,53331000,,Samburu,current,2026-01-01,2026-03-31,2,165150,0.45
Feb 2026,KEN,53331000,,Samburu,current,2026-01-01,2026-03-31,3,73400,0.2
Feb 2026,KEN,53331000,,Samburu,current,2026-01-01,2026-03-31,4,18350,0.05
Feb 2026,KEN,53331000,,Samburu,current,2026-01-01,2026-03-31,5,0,0
Feb 2026,KEN,53331000,,Samburu,first projection,2026-04-01,2026-06-30,all,367000,1.0
Feb 2026,KEN,53331000,,Samburu,first projection,2026-04-01,2026-06-30,3+,73400,0.2
Feb 2026,KEN,53331000,,Samburu,first projection,2026-04-01,2026-06-30,1,128450,0.35
Feb 2026,KEN,53331000,,Samburu,first projection,2026-04-01,2026-06-30,2,165150,0.45
Feb 2026,KEN,53331000,,Samburu,first projection,2026-04-01,2026-06-30,3,55050,0.15
Feb 2026,KEN,53331000,,Samburu,first projection,2026-04-01,2026-06-30,4,18350,0.05
Feb 2026,KEN,53331000,,Samburu,first projection,2026-04-01,2026-06-30,5,0,0
Feb 2026,KEN,53331000,,Taita Taveta,current,2026-01-01,2026-03-31,all,373000,1.0
Feb 2026,KEN,53331000,,Taita Taveta,current,2026-01-01,2026-03-31,3+,18650,0.05
Feb 2026,KEN,53331000,,Taita Taveta,current,2026-01-01,2026-03-31,1,242450,0.65
Feb 2026,KEN,53331000,,Taita Taveta,current,2026-01-01,2026-03-31,2,111900,0.3
Feb 2026,KEN,53331000,,Taita Taveta,current,2026-01-01,2026-03-31,3,18650,0.05
Feb 2026,KEN,53331000,,Taita Taveta,current,2026-01-01,2026-03-31,4,0,0
Feb 2026,KEN,53331000,,Taita Taveta,current,2026-01-01,2026-03-31,5,0,0
Feb 2026,KEN,53331000,,Taita Taveta,first projection,2026-04-01,2026-06-30,all,373000,1.0
Feb 2026,KEN,53331000,,Taita Taveta,first projection,2026-04-01,2026-06-30,3+,18650,0.05
Feb 2026,KEN,53331000,,Taita Taveta,first projection,2026-04-01,2026-06-30,1,223800,0.6
Feb 2026,KEN,53331000,,Taita Taveta,first projection,2026-04-01,2026-06-30,2,130550,0.35
Feb 2026,KEN,53331000,,Taita Taveta,first projection,2026-04-01,2026-06-30,3,18650,0.05
Feb 2026,KEN,53331000,,Taita Taveta,first projection,2026-04-01,2026-06-30,4,0,0
Feb 2026,KEN,53331000,,Taita Taveta,first projection,2026-04-01,2026-06-30,5,0,0
Feb 2026,KEN,53331000,,Tana River,current,2026-01-01,2026-03-31,all,370000,1.0
Feb 2026,KEN,53331000,,Tana River,current,2026-01-01,2026-03-31,3+,185000,0.5
Feb 2026,KEN,53331000,,Tana River,current,2026-01-01,2026-03-31,1,55500,0.15
Feb 2026,KEN,53331000,,Tana River,current,2026-01-01,2026-03-31,2,129500,0.35
Feb 2026,KEN,53331000,,Tana River,current,2026-01-01,2026-03-31,3,129500,0.35
Feb 2026,KEN,53331000,,Tana River,current,2026-01-01,2026-03-31,4,55500,0.15
Feb 2026,KEN,53331000,,Tana River,current,2026-01-01,2026-03-31,5,0,0
Feb 2026,KEN,53331000,,Tana River,first projection,2026-04-01,2026-06-30,all,370000,1.0
Feb 2026,KEN,53331000,,Tana River,first projection,2026-04-01,2026-06-30,3+,203500,0.55
Feb 2026,KEN,53331000,,Tana River,first projection,2026-04-01,2026-06-30,1,55500,0.15
Feb 2026,KEN,53331000,,Tana River,first projection,2026-04-01,2026-06-30,2,111000,0.3
Feb 2026,KEN,53331000,,Tana River,first projection,2026-04-01,2026-06-30,3,148000,0.4
Feb 2026,KEN,53331000,,Tana River,first projection,2026-04-01,2026-06-30,4,55500,0.15
Feb 2026,KEN,53331000,,Tana River,first projection,2026-04-01,2026-06-30,5,0,0
Feb 2026,KEN,53331000,,Tharaka Nithi,current,2026-01-01,2026-03-31,all,284700,1.0
Feb 2026,KEN,53331000,,Tharaka Nithi,current,2026-01-01,2026-03-31,3+,42705,0.15
Feb 2026,KEN,53331000,,Tharaka Nithi,current,2026-01-01,2026-03-31,1,85410,0.3
Feb 2026,KEN,53331000,,Tharaka Nithi,current,2026-01-01,2026-03-31,2,156585,0.55
Feb 2026,KEN,53331000,,Tharaka Nithi,current,2026-01-01,2026-03-31,3,42705,0.15
Feb 2026,KEN,53331000,,Tharaka Nithi,current,2026-01-01,2026-03-31,4,0,0
Feb 2026,KEN,53331000,,Tharaka Nithi,current,2026-01-01,2026-03-31,5,0,0
Feb 2026,KEN,53331000,,Tharaka Nithi,first projection,2026-04-01,2026-06-30,all,284700,1.0
Feb 2026,KEN,53331000,,Tharaka Nithi,first projection,2026-04-01,2026-06-30,3+,28470,0.1
Feb 2026,KEN,53331000,,Tharaka Nithi,first projection,2026-04-01,2026-06-30,1,113880,0.4
Feb 2026,KEN,53331000,,Tharaka Nithi,first projection,2026-04-01,2026-06-30,2,142350,0.5
Feb 2026,KEN,53331000,,Tharaka Nithi,first projection,2026-04-01,2026-06-30,3,28470,0.1
Feb 2026,KEN,53331000,,Tharaka Nithi,first projection,2026-04-01,2026-06-30,4,0,0
Feb 2026,KEN,53331000,,Tharaka Nithi,first projection,2026-04-01,2026-06-30,5,0,0
Feb 2026,KEN,53331000,,Turkana,current,2026-01-01,2026-03-31,all,1074000,1.0
Feb 2026,KEN,53331000,,Turkana,current,2026-01-01,2026-03-31,3+,322200,0.3
Feb 2026,KEN,53331000,,Turkana,current,2026-01-01,2026-03-31,1,214800,0.2
Feb 2026,KEN,53331000,,Turkana,current,2026-01-01,2026-03-31,2,537000,0.5
Feb 2026,KEN,53331000,,Turkana,current,2026-01-01,2026-03-31,3,268500,0.25
Feb 2026,KEN,53331000,,Turkana,current,2026-01-01,2026-03-31,4,53700,0.05
Feb 2026,KEN,53331000,,Turkana,current,2026-01-01,2026-03-31,5,0,0
Feb 2026,KEN,53331000,,Turkana,first projection,2026-04-01,2026-06-30,all,1074000,1.0
Feb 2026,KEN,53331000,,Turkana,first projection,2026-04-01,2026-06-30,3+,322200,0.3
Feb 2026,KEN,53331000,,Turkana,first projection,2026-04-01,2026-06-30,1,161100,0.15
Feb 2026,KEN,53331000,,Turkana,first projection,2026-04-01,2026-06-30,2,590700,0.55
Feb 2026,KEN,53331000,,Turkana,first projection,2026-04-01,2026-06-30,3,268500,0.25
Feb 2026,KEN,53331000,,Turkana,first projection,2026-04-01,2026-06-30,4,53700,0.05
Feb 2026,KEN,53331000,,Turkana,first projection,2026-04-01,2026-06-30,5,0,0
Feb 2026,KEN,53331000,,Wajir,current,2026-01-01,2026-03-31,all,915000,1.0
Feb 2026,KEN,53331000,,Wajir,current,2026-01-01,2026-03-31,3+,274500,0.3
Feb 2026,KEN,53331000,,Wajir,current,2026-01-01,2026-03-31,1,183000,0.2
Feb 2026,KEN,53331000,,Wajir,current,2026-01-01,2026-03-31,2,457500,0.5
Feb 2026,KEN,53331000,,Wajir,current,2026-01-01,2026-03-31,3,228750,0.25
Feb 2026,KEN,53331000,,Wajir,current,2026-01-01,2026-03-31,4,45750,0.05
Feb 2026,KEN,53331000,,Wajir,current,2026-01-01,2026-03-31,5,0,0
Feb 2026,KEN,53331000,,Wajir,first projection,2026-04-01,2026-06-30,all,915000,1.0
Feb 2026,KEN,53331000,,Wajir,first projection,2026-04-01,2026-06-30,3+,366000,0.4
Feb 2026,KEN,53331000,,Wajir,first projection,2026-04-01,2026-06-30,1,91500,0.1
Feb 2026,KEN,53331000,,Wajir,first projection,2026-04-01,2026-06-30,2,457500,0.5
Feb 2026,KEN,53331000,,Wajir,first projection,2026-04-01,2026-06-30,3,274500,0.3
Feb 2026,KEN,53331000,,Wajir,first projection,2026-04-01,2026-06-30,4,91500,0.1
Feb 2026,KEN,53331000,,Wajir,first projection,2026-04-01,2026-06-30,5,0,0
Feb 2026,KEN,53331000,,West Pokot,current,2026-01-01,2026-03-31,all,706000,1.0
Feb 2026,KEN,53331000,,West Pokot,current,2026-01-01,2026-03-31,3+,70600,0.1
Feb 2026,KEN,53331000,,West Pokot,current,2026-01-01,2026-03-31,1,423600,0.6
Feb 2026,KEN,53331000,,West Pokot,current,2026-01-01,2026-03-31,2,211800,0.3
Feb 2026,KEN,53331000,,West Pokot,current,2026-01-01,2026-03-31,3,70600,0.1
Feb 2026,KEN,53331000,,West Pokot,current,2026-01-01,2026-03-31,4,0,0
Feb 2026,KEN,53331000,,West Pokot,current,2026-01-01,2026-03-31,5,0,0
Feb 2026,KEN,53331000,,West Pokot,first projection,2026-04-01,2026-06-30,all,706000,1.0
Feb 2026,KEN,53331000,,West Pokot,first projection,2026-04-01,2026-06-30,3+,35300,0.05
Feb 2026,KEN,53331000,,West Pokot,first projection,2026-04-01,2026-06-30,1,458900,0.65
Feb 2026,KEN,53331000,,West Pokot,first projection,2026-04-01,2026-06-30,2,211800,0.3
Feb 2026,KEN,53331000,,West Pokot,first projection,2026-04-01,2026-06-30,3,35300,0.05
Feb 2026,KEN,53331000,,West Pokot,first projection,2026-04-01,2026-06-30,4,0,0
Feb 2026,KEN,53331000,,West Pokot,first projection,2026-04-01,2026-06-30,5,0,0
